Temperature;Pressure;Theta;Velocity;Power
7.48;1027.7;309.92;6.59;251.72
2.96;1023.55;151.37;8.88;564.97
4.23;1009.94;277.85;7.78;460.74
2.7;1031.74;270.34;10.99;1160.9
6.57;990.43;251.48;15.12;1995.2
3.74;1009.54;226.92;10.63;1032.88
5.88;1019.3;204.2;9.11;656.84
3.31;1027.76;162.57;9.4;724.77
5.34;1028.16;211.54;4.88;15.2
6.2;1008.28;251.46;17.53;2018.72
4.77;1028.14;184.78;11.17;1198.58
5.0;999.1;228.45;8.51;520.67
1.05;981.51;294.84;17.64;727.65
5.41;1014.82;273.44;16.0;2012.51
6.13;1018.94;203.44;9.94;858.83
4.84;1028.21;194.74;10.81;1082.02
-3.5;999.07;144.24;4.27;7.9
4.6;1024.85;229.63;6.52;246.5
3.68;1029.77;176.76;4.12;7.31
2.54;1033.16;270.09;5.54;8.46
4.3;1012.21;286.86;13.55;1728.39
2.91;1028.55;130.28;4.84;47.59
2.98;1032.8;354.24;7.01;228.42
0.81;1032.47;320.63;2.94;8.49
2.13;1028.68;177.02;2.0;8.04
4.76;1023.35;249.85;8.39;526.79
4.74;1025.84;178.28;11.88;1340.89
3.24;1027.73;162.23;9.37;695.96
3.34;1010.68;288.05;4.73;57.15
4.04;1022.32;216.66;5.38;3.8
1.68;1023.51;130.81;8.41;472.77
4.57;1023.57;250.21;7.33;326.15
3.32;1009.94;269.32;9.42;797.65
3.14;1029.69;255.25;4.64;7.21
4.31;1027.4;282.15;5.76;8.44
2.81;1032.3;336.43;3.82;8.25
2.53;1010.92;221.91;4.78;3.74
5.41;1009.4;251.92;13.25;1737.04
2.61;1028.47;137.52;4.88;37.87
4.41;1014.38;294.15;2.8;4.2
1.25;1000.89;317.05;10.67;1232.6
4.59;1023.69;239.89;6.78;3.69
3.51;1029.83;197.71;4.05;7.31
5.17;998.42;243.7;9.23;690.46
5.08;1020.61;228.46;16.87;2016.96
3.77;1026.95;231.11;10.71;1111.67
5.53;1016.9;265.42;12.32;1549.97
4.64;1001.9;197.29;9.56;768.46
2.4;1032.46;258.87;5.81;8.34
-2.97;1031.87;250.16;2.27;8.14
4.12;1028.95;238.7;5.7;123.92
5.34;1007.66;205.05;14.41;1972.96
2.52;1010.19;295.61;18.83;2013.94
1.62;1023.53;133.59;8.59;521.6
2.65;1031.57;268.28;9.62;832.49
2.66;1029.13;197.05;4.11;7.72
3.87;1028.04;293.82;7.4;305.48
3.2;980.22;258.13;14.37;1975.0
7.24;1027.96;173.87;11.0;1090.12
3.87;1006.47;314.51;12.54;1397.71
5.02;1023.55;168.74;8.05;403.19
1.16;984.06;291.86;15.16;1929.95
3.52;1010.82;236.92;7.97;484.91
2.07;1032.94;314.5;5.63;108.26
5.23;1014.07;264.64;16.79;2019.36
3.29;1023.58;151.77;8.56;564.88
6.39;1023.64;274.84;7.33;354.48
6.33;1017.53;210.04;9.99;874.19
5.29;1009.27;238.66;17.74;2020.65
2.59;1029.47;296.82;6.51;258.23
4.22;1026.63;229.63;7.03;320.67
3.31;1033.96;202.8;5.74;149.2
4.67;1026.28;180.33;11.95;1402.81
4.62;1029.6;188.4;10.52;1027.69
1.59;984.92;300.55;14.03;1804.18
-0.2;1032.8;334.99;5.64;105.43
6.12;1013.47;214.3;11.7;1321.78
5.27;1011.63;314.11;5.42;3.73
5.69;1022.9;292.49;10.49;877.8
3.42;1027.17;211.99;8.47;551.83
5.13;1020.53;227.82;17.12;2017.55
3.88;1009.82;265.81;11.09;1283.41
1.95;986.43;305.68;17.46;2018.6
5.62;1028.06;292.42;8.52;564.73
3.25;980.33;262.55;18.65;2022.69
3.19;1029.39;174.84;8.38;480.26
5.17;1028.36;209.89;4.9;48.98
3.68;1028.98;249.8;6.73;270.15
4.68;1027.62;188.44;7.65;390.1
4.44;1027.78;221.86;7.4;346.6
2.62;1032.84;268.32;5.34;8.4
4.03;1030.98;115.95;4.69;5.59
2.89;1029.89;272.86;5.55;99.89
6.67;1022.39;257.62;7.25;330.63
5.64;1018.95;212.24;9.03;631.1
4.64;1000.9;206.4;9.29;670.79
1.96;1030.06;312.46;8.23;534.76
5.09;1028.7;235.89;6.75;256.37
5.44;1015.09;273.41;14.44;1995.17
4.84;1012.69;321.27;1.39;3.91
1.77;1033.02;300.03;5.68;168.63
5.42;998.1;248.07;8.69;593.37
3.72;1029.27;226.68;7.22;304.97
4.8;1027.94;183.98;11.53;1309.16
5.6;1014.25;195.22;8.42;519.46
5.17;1007.54;212.54;13.53;1817.2
3.41;1027.21;274.52;6.84;282.77
-2.03;997.17;330.05;9.81;786.41
5.06;1023.98;228.42;12.01;1418.18
5.69;1028.3;177.23;4.76;7.21
4.35;1026.42;213.25;4.44;14.85
5.07;1019.79;199.27;8.68;586.86
3.31;1029.16;232.75;4.85;43.27
4.23;1027.59;201.12;7.51;349.73
4.0;1026.24;107.11;0.79;7.67
4.6;1001.1;205.53;9.41;701.35
5.39;1029.51;175.35;9.09;596.75
4.96;998.44;258.98;17.26;2016.05
3.39;1031.98;290.53;5.88;8.25
4.84;1020.95;199.46;9.06;681.19
-0.46;1002.93;319.21;4.38;7.93
-3.33;1032.15;256.92;2.23;8.21
4.95;1029.71;191.27;9.55;768.46
5.98;998.27;258.39;15.52;2008.33
4.21;1012.33;286.51;12.5;1612.73
1.8;1031.47;302.42;5.81;139.74
1.87;1033.04;299.38;6.48;210.93
3.54;1035.48;322.75;5.13;8.74
3.85;1032.3;352.76;4.77;7.88
4.08;1016.98;227.8;17.29;2015.98
2.46;1033.14;275.99;4.57;8.49
-0.25;1003.49;309.51;4.72;7.76
3.87;1027.09;268.85;5.81;8.45
5.48;1034.19;263.77;3.23;7.82
7.0;1029.66;118.1;5.3;7.86
2.61;1033.05;179.18;6.38;214.7
4.21;1025.7;203.38;12.09;1389.43
3.93;1025.76;279.43;7.83;390.43
3.17;1032.07;270.0;6.04;8.27
3.08;1029.09;237.61;4.79;7.86
8.09;1026.72;171.39;6.51;175.81
5.86;1020.8;290.27;12.81;1725.44
2.57;1032.66;290.3;7.93;458.17
3.22;1029.09;267.91;5.53;114.55
4.37;1028.58;231.42;5.12;58.99
2.58;1027.68;159.68;8.41;495.99
5.37;1009.21;251.29;12.58;1579.33
3.91;1027.19;233.18;6.3;211.59
3.37;1007.13;318.9;11.14;1234.57
3.44;1027.88;158.78;9.36;696.34
3.87;1025.73;273.48;8.51;548.17
5.44;999.07;255.88;17.78;2023.05
5.33;1029.02;189.9;8.88;614.21
2.79;1010.76;296.59;16.37;2022.26
2.41;980.84;283.01;14.38;1913.09
2.87;1023.46;148.79;9.32;669.48
4.53;1028.04;209.82;6.24;182.05
2.01;1032.87;292.29;6.63;242.37
3.18;1011.78;247.8;8.3;524.1
0.35;999.3;341.6;6.05;139.86
2.34;1029.47;308.48;7.12;368.93
-3.6;999.88;171.39;1.3;7.89
2.22;1033.07;293.48;7.26;383.11
2.5;1009.71;156.97;4.42;3.73
4.0;1025.86;207.7;11.77;1361.07
3.93;1026.21;210.01;11.08;1149.8
6.05;1019.29;202.36;8.99;649.21
3.95;1031.03;116.38;4.89;7.36
6.53;1021.68;131.91;9.05;561.42
5.3;1023.83;302.74;12.95;1486.26
5.16;1028.39;212.09;4.49;17.27
2.73;1010.76;255.83;6.31;3.64
3.58;1010.53;232.09;8.49;545.49
4.5;1027.94;287.19;6.71;248.88
4.17;1025.86;284.21;7.41;355.61
6.34;1029.75;182.5;9.77;868.33
-4.52;1032.4;351.9;2.59;7.81
0.79;998.97;258.17;20.06;2019.77
-4.0;1000.73;211.59;1.19;7.7
2.85;1028.82;203.96;3.13;7.48
4.26;1028.61;205.79;4.42;7.21
3.5;1030.15;264.35;6.12;8.39
5.06;1008.55;250.96;11.94;1372.45
6.5;1023.15;272.35;7.1;325.78
5.79;983.0;255.68;15.96;2012.24
4.03;1026.56;139.52;3.98;7.95
4.91;1015.17;200.52;5.86;158.69
4.75;1030.09;180.66;8.86;609.84
3.49;1026.88;187.32;6.92;314.09
4.59;1023.72;170.86;7.87;426.31
3.91;1028.5;284.91;4.48;8.6
3.52;1011.31;249.41;9.44;778.76
2.62;1024.64;130.52;7.66;355.11
4.11;1026.74;230.28;6.93;297.99
7.33;1027.99;170.88;9.79;785.16
4.34;1024.17;259.06;6.47;214.38
3.95;1025.47;224.03;12.68;1638.89
4.92;1019.94;218.49;9.1;667.62
5.42;993.18;219.77;18.07;2016.54
4.37;1019.83;205.83;8.16;500.74
2.57;1035.04;295.37;3.61;8.64
3.12;1029.11;275.15;7.99;500.83
4.06;1034.01;207.69;5.33;86.09
5.52;1008.74;240.31;18.05;2022.3
7.59;1016.35;295.47;12.85;1541.56
4.39;1005.14;196.83;8.68;572.92
2.74;1024.52;127.03;7.25;325.67
5.46;1012.88;286.42;15.67;1978.13
5.99;992.54;237.71;16.88;2018.1
0.87;1032.45;238.16;1.28;8.1
3.07;1035.2;314.54;2.56;8.66
4.87;1028.81;194.81;11.6;1275.93
4.39;1013.62;269.86;3.46;4.05
0.7;1031.81;341.02;6.87;267.35
4.99;1030.0;178.57;8.39;508.36
4.56;1023.89;236.44;9.85;890.33
4.49;1009.82;289.13;9.49;813.79
5.11;1010.41;267.79;8.97;656.14
3.96;1026.69;141.32;4.57;7.78
3.85;1026.35;225.81;11.43;1269.84
3.55;1030.97;291.07;5.78;8.29
4.34;1010.08;270.08;10.88;1126.64
7.43;1028.1;228.8;6.86;259.38
2.36;1032.62;292.75;7.88;445.59
1.91;1029.54;275.49;5.37;7.45
2.65;1010.88;258.79;6.17;3.65
2.52;1034.41;311.45;3.45;8.56
6.97;1012.7;287.88;14.39;1914.21
4.16;1023.12;221.95;6.83;3.71
1.55;999.14;277.48;19.73;2021.57
4.63;1011.63;235.57;17.46;2015.81
5.53;1010.81;211.28;14.07;1936.4
5.49;1029.63;191.48;8.96;647.56
4.09;1016.46;229.75;17.03;2015.91
4.6;1009.7;233.35;8.87;612.49
4.63;1023.5;237.57;9.68;801.44
4.88;999.72;220.39;9.41;692.51
5.45;1012.69;208.99;14.44;1997.07
2.74;997.88;282.27;11.24;1067.71
5.02;1014.7;263.67;16.1;2015.26
6.57;1021.2;304.54;17.6;2019.87
1.95;1033.01;286.62;6.82;262.14
3.2;1027.19;266.84;3.64;7.36
5.32;1028.23;231.96;3.98;7.35
4.46;1028.24;289.26;5.98;189.12
0.82;1016.16;138.32;6.09;3.65
6.07;1019.85;204.43;8.38;496.69
2.39;982.86;290.33;13.37;1737.83
7.84;1029.34;155.83;2.18;7.8
4.31;1012.96;232.18;17.39;2018.09
-0.58;1032.15;269.68;1.26;8.28
3.98;1023.17;213.73;14.06;1980.58
0.81;1016.15;142.58;6.66;3.64
2.08;1023.96;125.78;8.37;468.62
1.0;1027.96;171.1;5.45;76.23
3.35;1029.37;164.33;8.28;459.98
3.14;1028.14;223.61;6.7;230.93
4.92;999.34;221.64;8.83;598.51
4.53;1028.36;151.69;10.12;853.58
4.58;1013.2;303.95;1.57;3.93
1.97;980.73;304.46;11.95;1391.65
3.87;1024.49;216.9;13.19;1760.45
4.81;1030.21;119.8;5.15;18.65
2.66;1031.99;279.25;9.01;674.09
2.49;1034.18;287.81;3.93;8.84
1.88;991.75;322.94;13.06;1495.65
4.78;1030.17;174.75;8.58;526.25
4.29;1029.18;288.28;5.44;8.48
2.86;980.5;295.89;16.41;2008.01
-4.16;1032.23;289.57;1.4;8.27
4.21;1028.87;225.46;7.2;321.64
5.01;1015.88;253.84;14.44;1979.02
2.51;981.3;264.89;12.02;1427.2
4.75;995.51;205.43;19.3;2019.09
3.05;981.89;276.41;15.95;1969.57
3.95;1014.95;232.01;17.42;2016.2
5.22;1028.95;316.02;4.67;45.11
4.03;1030.85;114.95;4.47;7.28
5.79;986.78;245.24;14.49;1976.67
7.26;1029.41;180.46;8.76;653.35
0.89;1005.23;358.03;7.61;266.8
5.45;1014.33;191.55;8.25;504.01
5.39;984.58;238.01;15.17;1996.47
4.75;1025.25;220.0;6.06;170.22
4.69;1021.13;222.83;16.1;2010.71
2.04;1010.92;242.19;4.62;3.72
5.04;1027.84;187.2;9.67;804.86
4.49;1022.68;181.92;6.45;215.72
3.45;1029.16;238.13;4.94;40.17
4.87;1006.21;239.32;7.71;5.99
5.66;1014.18;206.05;8.84;610.2
5.5;1015.74;275.08;13.1;1739.75
5.78;998.48;250.98;14.56;1980.01
2.0;992.34;315.7;13.96;1746.61
4.47;1029.73;187.33;10.51;1008.38
1.3;984.04;291.4;17.22;2008.94
5.12;1026.32;209.13;4.87;7.45
7.62;1018.0;300.75;17.64;1010.39
4.06;1029.29;281.33;6.42;8.4
3.06;1032.22;331.07;3.92;8.22
5.09;1009.45;250.66;12.45;1534.63
0.45;1032.56;163.26;1.46;7.9
3.89;1023.12;225.67;6.42;3.71
4.31;1028.25;287.5;6.15;190.98
4.39;1004.41;180.56;8.08;423.5
1.59;999.87;271.75;16.19;2012.26
6.28;1018.3;178.52;11.42;1137.49
5.62;1015.54;206.0;10.45;975.49
3.23;1029.78;249.86;6.37;168.66
0.81;1016.08;142.57;6.13;3.66
5.25;998.24;255.05;20.02;2022.25
3.04;1028.31;231.43;6.74;241.54
5.51;1012.38;282.52;15.81;1987.15
4.86;1015.24;258.03;14.54;1978.25
4.91;1023.48;227.17;8.64;607.73
5.06;1028.61;175.74;4.23;7.11
5.23;1011.72;320.65;4.09;3.67
3.6;981.42;265.57;14.12;1913.31
4.94;1024.88;223.11;6.93;293.95
7.57;1022.33;123.87;10.53;900.39
6.07;1016.63;201.47;9.91;847.28
1.95;1023.58;134.44;7.09;295.14
4.21;1009.52;253.9;6.64;3.67
5.1;1009.48;250.6;12.59;1600.4
4.34;1029.16;320.24;5.0;48.4
1.3;982.42;302.48;11.16;1118.78
1.0;1032.66;323.31;4.84;8.13
4.66;1023.31;237.83;10.59;1065.44
5.68;1016.95;264.35;12.7;1579.81
4.44;1026.36;206.66;8.63;590.94
2.31;1009.83;169.92;4.24;3.72
4.51;1027.9;278.42;4.83;41.33
-3.48;998.41;116.35;5.15;7.53
5.65;1028.08;312.28;8.35;550.4
6.25;1028.33;150.98;4.24;6.94
4.06;1029.14;295.99;5.57;110.33
4.27;1029.22;199.55;4.66;7.4
8.49;1029.41;142.6;2.42;7.78
1.86;1029.5;278.03;4.17;7.3
5.96;992.67;235.03;16.93;2019.73
2.95;1007.04;303.8;10.41;931.88
4.11;1028.96;236.39;6.4;217.88
4.89;1027.91;294.24;6.9;265.42
4.43;1025.37;209.19;12.8;1681.7
1.48;1027.81;147.37;6.23;135.56
3.37;1011.58;260.28;8.49;580.8
3.93;1034.0;207.96;5.51;104.55
5.5;1028.44;187.67;8.47;562.79
-2.51;1030.56;356.56;6.41;233.0
2.22;1010.97;236.21;3.97;3.71
4.88;1027.66;183.14;12.36;1510.01
1.45;1032.79;324.55;5.58;103.2
4.57;1021.97;222.3;16.01;2011.32
2.41;1010.23;204.84;5.23;3.74
5.42;1010.06;215.51;13.87;1880.57
2.91;980.44;301.31;13.45;1722.07
4.7;1023.44;250.0;7.85;430.82
6.0;1008.52;247.42;17.15;2018.89
3.78;1006.62;312.55;12.46;1668.24
2.15;982.77;291.74;12.04;1488.92
4.6;1027.94;305.36;4.32;6.72
2.26;1027.72;141.14;5.51;74.58
4.64;1029.61;164.01;9.08;710.01
6.9;1029.32;167.15;2.53;7.02
6.27;1017.98;206.07;10.04;900.91
5.42;1030.13;205.96;4.42;7.58
3.44;1026.53;269.38;7.68;406.24
3.86;981.47;271.13;15.61;1970.04
7.04;1015.41;201.89;16.87;2016.04
5.45;1028.72;235.96;7.44;374.86
4.56;1023.85;236.98;9.74;863.56
7.08;1015.58;287.98;13.95;1944.4
4.1;1023.45;188.01;5.24;85.91
4.85;999.86;220.62;8.83;571.87
5.18;1009.47;251.45;12.82;1645.03
1.93;1030.11;311.74;7.91;494.65
2.2;997.36;307.77;8.39;210.81
2.43;1032.63;275.69;5.5;8.34
2.48;1032.34;347.86;6.17;139.36
5.44;1016.47;266.77;12.68;1623.09
4.38;1015.64;272.68;14.64;1979.48
5.45;1008.69;250.55;10.72;1064.8
7.06;1016.6;291.37;13.36;1736.16
-0.65;1031.99;255.04;0.61;8.22
2.69;1033.47;188.49;6.43;228.34
6.28;1008.67;262.86;16.58;2015.42
1.91;1032.96;300.93;5.06;89.87
2.45;1029.09;185.34;5.87;51.91
3.02;999.82;246.05;17.15;1676.44
-4.63;1032.31;333.7;1.07;8.13
5.15;1034.15;229.01;2.23;7.79
2.47;1011.06;265.35;6.04;3.67
0.9;1031.47;338.99;7.47;343.87
1.01;1000.74;277.05;15.46;1990.08
4.64;1023.43;238.1;9.64;799.73
4.2;1010.89;273.95;9.28;809.57
5.16;1023.97;230.18;11.5;1262.98
4.77;1028.23;312.5;5.54;81.54
4.36;1018.0;227.11;18.53;2021.0
4.98;999.2;257.97;17.51;2019.13
4.7;1025.4;271.7;5.06;73.99
4.68;1023.46;250.59;7.88;421.23
4.45;1009.98;271.2;10.0;841.42
7.59;1027.22;185.33;5.91;122.2
4.45;1026.04;288.62;6.59;296.8
4.95;1024.66;305.73;9.82;906.41
5.43;1016.2;272.68;13.37;1817.35
4.43;1028.92;321.94;5.26;79.6
-4.54;1032.29;343.87;1.71;7.79
4.84;1025.51;217.99;7.59;386.83
4.47;1014.73;318.24;1.97;4.16
2.9;1029.23;245.97;3.89;7.77
5.68;1029.73;179.2;10.08;895.15
6.45;1017.01;204.86;10.9;1151.88
5.2;1027.6;292.63;7.37;349.66
2.12;1030.24;312.27;7.78;427.1
4.99;1028.07;293.21;6.03;211.46
4.42;1005.35;201.02;9.01;630.01
4.22;1028.76;204.95;4.62;7.22
4.27;1028.76;228.14;6.58;234.92
6.26;1010.12;270.98;15.88;2011.4
1.81;1032.97;301.71;5.49;140.74
5.65;1019.23;217.82;8.76;598.04
4.93;1010.28;239.03;18.33;2019.27
2.7;1031.74;171.21;8.01;436.48
0.69;1000.48;321.22;14.65;1863.35
2.26;1032.71;318.68;5.42;117.68
4.82;1025.64;305.79;8.74;586.66
4.43;1027.84;222.05;6.55;241.94
4.22;1010.14;269.83;11.28;1186.6
5.59;1026.34;236.66;3.2;7.54
5.4;1016.36;271.17;11.71;1358.32
4.96;1027.82;198.34;7.53;369.37
-2.28;1001.94;284.92;7.02;345.76
3.76;1027.39;277.82;5.68;142.79
3.92;1008.14;261.87;12.52;1594.05
5.5;985.49;250.09;16.14;2014.11
2.58;998.19;274.34;14.79;1951.79
6.35;992.06;252.11;15.03;2001.83
4.75;1029.53;188.86;10.79;1073.68
5.08;999.08;257.09;17.79;2018.66
6.32;991.6;248.33;16.46;2013.52
1.19;985.21;305.08;15.39;1970.26
3.69;1035.51;333.07;4.73;8.69
4.43;1009.45;233.94;10.25;965.46
0.6;1007.29;286.09;15.71;2009.61
2.66;1010.33;270.52;5.39;3.67
1.88;1030.63;322.11;8.29;483.14
5.11;1025.43;186.73;12.94;1628.58
2.3;1032.77;284.79;8.32;454.16
5.5;1015.38;277.62;13.73;1927.29
5.46;1008.16;191.04;12.63;1519.27
7.56;1022.1;122.78;10.9;980.23
8.19;1024.04;111.16;7.64;295.37
4.75;1023.26;247.05;7.71;416.55
4.69;1000.33;212.75;8.71;550.97
3.7;1008.46;262.88;6.49;3.43
4.69;1023.82;234.26;9.95;871.34
4.31;1024.68;218.65;6.41;208.93
3.69;1026.69;281.54;6.1;186.83
1.41;983.22;299.45;17.04;2018.82
5.02;1019.17;226.59;18.08;2019.8
4.54;1023.78;237.02;9.4;785.4
4.65;1024.0;234.32;9.38;759.87
3.07;979.94;281.14;14.87;1844.22
3.03;1003.93;298.75;14.26;1970.59
4.69;1007.15;158.3;6.32;3.68
-0.1;1028.36;165.01;3.5;7.91
3.65;1027.65;234.52;9.46;774.65
4.45;1023.36;228.16;6.9;3.67
4.06;1028.0;292.91;9.33;756.77
2.69;980.86;302.51;15.03;1885.18
5.3;1028.54;148.26;8.06;406.17
4.88;1029.08;313.17;8.58;575.81
2.32;1028.36;140.08;4.88;42.52
5.39;1029.4;103.53;5.15;53.12
3.35;1026.84;178.85;7.73;421.85
-4.3;1032.12;346.5;0.44;8.19
2.53;1028.94;190.61;3.81;7.88
2.16;981.26;292.38;13.16;1808.49
4.02;1016.15;228.95;17.14;2015.09
4.17;1027.64;191.56;7.7;400.96
4.09;1016.74;228.4;17.44;369.19
3.7;1026.66;206.58;9.41;732.89
4.39;1022.58;186.75;6.15;172.74
3.52;1005.39;310.17;16.02;2018.29
2.74;1006.98;309.08;10.48;1177.38
5.53;1016.35;255.03;12.82;1642.87
6.34;1029.73;181.52;9.73;818.16
5.26;1008.38;182.48;12.25;1456.83
2.48;1029.04;182.08;5.06;7.72
4.55;1002.92;179.28;10.21;860.69
2.71;1010.88;232.68;5.35;3.72
4.24;1026.46;220.17;1.79;7.34
5.45;1016.42;263.46;12.79;1602.86
2.91;980.55;298.29;16.4;2010.35
4.56;1028.52;234.08;4.72;16.38
2.72;1027.58;155.76;9.1;623.17
4.35;1022.86;180.75;6.87;241.89
3.16;1029.44;180.01;6.09;135.87
2.68;1029.03;188.99;3.99;7.71
1.77;1029.56;278.52;4.6;7.59
4.61;1023.37;244.14;7.79;412.1
4.27;1028.99;216.59;3.9;7.2
1.42;999.35;271.53;18.72;2021.97
4.02;1027.49;191.67;7.79;390.32
4.17;1013.57;229.61;17.59;2016.25
2.49;1029.53;300.47;6.06;154.23
2.11;1029.85;287.47;4.24;6.54
4.69;1010.17;267.76;9.27;735.07
3.34;1029.36;305.43;3.99;6.83
7.56;1029.25;159.74;2.45;7.06
5.39;1009.0;249.23;13.34;1755.35
4.17;1026.71;230.97;6.89;302.19
-0.32;1032.87;336.21;5.27;69.27
2.8;981.28;303.94;12.73;1688.08
7.35;1029.35;183.19;9.01;680.61
4.64;1008.41;225.29;9.74;771.09
2.54;1010.85;232.96;6.07;3.68
5.25;1029.28;184.43;8.54;564.85
5.5;998.27;238.82;9.53;751.55
2.23;1027.6;145.57;6.81;208.9
3.17;1004.08;296.61;12.3;1588.73
4.83;1026.34;289.04;7.78;452.42
3.41;1025.62;293.19;6.29;197.4
2.89;1029.32;294.16;6.92;249.63
3.2;1028.91;193.75;6.35;187.12
2.9;1027.11;168.68;5.65;163.74
3.83;1026.47;228.13;11.26;1237.11
4.4;1030.01;191.73;5.94;6.8
4.06;1016.14;231.12;17.28;2021.96
5.69;1014.2;201.45;8.58;551.46
4.52;1014.79;306.6;2.38;4.19
5.15;1008.46;265.54;6.54;3.45
1.21;1032.58;312.32;4.02;8.4
2.22;1032.74;318.45;5.97;76.61
4.64;1023.56;251.61;7.3;332.4
6.94;1016.8;289.97;13.22;1704.61
2.78;1028.4;240.85;5.11;6.96
4.6;1019.8;205.87;9.34;725.32
5.13;1027.91;186.48;9.61;790.57
-4.72;1032.5;358.1;3.38;7.74
4.0;1021.67;191.8;6.96;3.86
3.52;1029.79;244.07;5.6;76.64
3.06;1030.15;297.29;8.95;788.75
3.25;1027.45;274.89;6.55;221.19
2.45;1033.12;285.78;5.35;8.23
4.52;1028.04;211.76;6.93;263.68
2.66;1010.28;271.92;5.63;3.68
4.82;1029.86;181.45;9.69;796.12
4.51;1019.91;205.01;8.85;629.75
4.65;1019.79;206.85;9.73;817.03
7.38;1027.95;310.69;5.45;104.54
4.25;1029.15;203.08;3.95;7.32
4.98;1028.91;254.16;6.24;196.8
3.83;1025.87;287.01;7.42;347.75
3.38;1027.28;261.63;3.35;7.36
3.93;1027.8;283.67;7.68;406.47
3.61;1029.1;218.21;6.23;193.15
5.36;1023.55;303.7;12.99;1641.43
5.68;1019.32;202.52;8.82;641.79
7.22;1034.56;202.95;2.37;8.29
3.73;1028.88;197.18;6.59;226.4
3.48;1032.63;355.77;6.84;190.8
4.45;1027.49;227.6;5.18;59.82
2.93;1029.48;179.72;5.52;88.39
5.06;1023.54;175.37;8.64;390.21
2.57;1033.54;298.56;4.13;8.48
4.74;1027.95;315.84;4.61;7.37
3.84;1009.91;264.16;11.37;798.32
4.38;1030.51;117.98;3.86;7.02
3.36;1029.55;256.56;4.21;6.08
5.45;1011.83;322.81;5.81;3.74
6.28;1009.23;193.5;12.95;1745.55
4.33;1028.63;239.55;6.3;191.3
0.34;1004.21;332.68;5.92;131.24
6.49;988.99;253.65;14.07;1930.89
3.08;980.68;291.83;13.02;1567.27
3.58;1025.28;131.97;6.61;194.51
3.66;1009.0;226.52;11.49;1308.8
6.52;989.02;253.14;14.68;1989.19
0.25;1004.04;336.51;5.61;114.36
3.44;1005.26;308.45;14.63;1995.83
4.68;1007.98;224.7;8.77;573.57
3.51;1029.95;194.43;3.72;7.24
5.91;1020.61;292.39;12.54;1674.32
0.77;1004.48;343.81;6.34;155.52
7.31;1028.06;176.33;10.89;1067.5
4.52;1029.65;187.06;10.35;973.58
5.98;992.45;235.7;16.79;2013.31
5.38;1028.52;153.98;9.48;677.4
2.1;1027.33;162.94;5.49;86.9
2.92;1011.32;268.82;12.74;1540.32
3.47;1026.69;270.09;8.04;467.85
5.03;1009.84;265.66;10.43;1076.46
7.7;1016.91;298.41;17.49;680.8
4.93;1024.9;305.7;9.7;918.49
2.76;1029.14;184.68;4.29;7.94
3.87;1025.89;268.9;8.66;594.16
2.16;1008.36;308.27;5.34;7.22
6.76;1022.65;266.49;7.19;342.47
5.88;998.27;270.91;18.56;2021.39
3.64;1004.93;305.87;15.87;2014.09
5.9;1028.12;313.26;8.3;461.19
5.05;1008.12;240.01;10.62;1024.11
1.48;1027.79;164.1;5.54;89.47
1.35;984.24;286.55;16.07;1971.09
1.85;996.23;306.37;6.56;7.39
-3.82;1032.23;281.35;1.5;8.3
4.19;998.68;194.58;18.43;2018.53
2.62;1031.84;277.12;9.67;826.99
2.1;1011.03;258.93;3.44;3.69
4.56;1002.68;181.31;9.8;779.28
2.73;1032.43;348.87;7.12;263.02
4.21;1026.42;235.0;1.69;7.31
3.92;1027.2;236.03;6.76;279.45
4.73;1023.58;227.33;8.56;564.8
-0.2;1028.62;173.94;4.22;8.07
5.32;1011.48;314.85;6.65;3.48
-4.69;1032.43;354.22;2.84;7.73
5.37;1008.94;251.29;12.55;1539.53
5.09;1009.94;266.04;10.82;1171.22
6.56;1015.28;213.72;19.3;2027.28
3.69;1032.71;358.19;4.73;55.9
4.97;1014.59;279.57;16.08;2016.39
7.35;1028.6;181.72;10.72;976.05
5.11;1028.77;245.22;6.07;172.88
5.45;1028.28;284.74;7.42;300.45
3.84;1028.21;280.87;4.25;8.57
0.68;1031.99;305.25;5.68;134.27
1.9;1033.08;293.18;6.67;245.7
4.37;1029.51;166.18;10.33;861.47
4.42;1027.75;221.5;4.89;35.36
3.22;1029.28;299.1;5.94;152.74
4.68;1023.53;249.65;8.75;612.81
9.55;1025.11;126.49;6.2;126.76
3.36;1032.13;271.42;6.79;8.26
4.65;1018.6;228.09;18.24;2022.38
5.61;1028.54;314.37;8.65;522.78
4.55;1023.85;236.14;9.99;883.53
5.97;998.56;260.92;15.68;2009.41
3.55;1030.78;288.89;4.04;8.36
5.02;1014.83;262.51;15.65;2015.63
5.56;1019.45;215.93;7.66;365.88
5.09;1009.59;251.83;12.37;1493.8
3.86;1006.25;309.78;14.75;1904.63
7.34;1027.91;178.69;11.75;1283.74
2.7;1028.83;211.55;2.2;7.8
3.73;1028.91;241.82;6.51;234.9
-2.14;1001.96;282.12;8.97;614.62
4.0;1027.84;289.74;7.51;503.0
5.35;1008.91;251.48;12.94;1676.08
2.27;1009.7;186.46;4.93;3.71
3.45;1027.49;216.16;7.48;357.13
4.93;1030.0;178.5;8.22;468.17
5.29;984.95;243.59;14.33;1953.62
6.0;1029.85;180.24;9.67;864.34
-0.11;1032.26;284.84;1.59;8.35
1.15;984.08;291.69;15.41;1925.99
2.02;992.0;319.48;13.19;1673.72
5.55;1028.51;312.6;7.89;333.9
4.69;1015.03;291.94;3.38;4.28
3.93;1011.03;292.41;8.31;499.47
3.86;1025.94;264.79;9.5;770.12
1.84;1033.12;289.46;7.04;351.27
4.79;1028.1;319.38;5.58;7.43
5.46;1029.56;188.5;8.96;624.58
4.35;1028.76;133.52;5.13;7.23
3.92;1026.52;133.55;4.15;7.64
1.93;1031.33;309.51;4.14;38.29
5.62;1028.06;310.94;6.87;329.98
3.19;1013.08;288.38;15.5;1667.37
4.06;1026.74;230.3;6.67;266.66
7.43;1015.27;293.42;14.0;1840.49
0.45;1004.16;336.31;4.54;34.82
4.02;1027.07;274.1;4.77;8.48
1.48;1030.81;332.71;8.02;462.21
6.32;1017.44;208.1;10.09;937.39
2.52;1009.62;204.85;5.02;3.69
4.35;1028.82;233.81;6.34;221.91
2.6;1010.55;266.0;5.41;3.64
5.47;1014.92;275.57;15.15;2005.96
5.3;1008.27;185.51;12.28;1401.28
4.03;1021.76;196.13;6.47;3.83
4.96;1028.0;190.42;4.29;8.1
1.65;986.04;302.21;14.35;1913.94
5.65;1022.34;295.77;9.95;845.83
5.11;999.28;258.99;17.02;2018.98
3.93;1026.42;123.4;2.53;7.89
0.18;1028.51;170.5;3.85;8.13
3.57;1029.13;263.62;6.57;230.86
3.89;1023.0;222.59;5.67;3.72
3.83;1028.26;275.87;4.74;8.64
4.64;1023.58;250.07;7.93;447.48
4.86;1027.46;181.34;12.13;1446.29
6.16;1020.54;215.27;7.6;167.52
4.62;1021.24;222.27;16.07;2011.87
3.06;1035.18;306.93;3.31;8.35
5.38;1028.59;313.7;8.81;562.38
6.06;992.6;239.23;16.95;2018.45
3.15;1026.94;172.06;6.91;237.88
6.24;1008.43;261.95;16.22;2013.11
4.5;1028.01;216.47;6.47;211.21
5.45;1019.5;203.3;8.34;496.82
-0.55;1032.61;319.85;5.29;7.54
4.67;1014.97;291.05;3.12;4.15
4.01;1014.49;230.44;17.31;2016.09
2.74;1028.94;177.88;5.35;7.86
2.02;1032.97;284.73;7.74;335.32
2.92;1029.12;241.33;3.87;7.78
8.8;1025.7;140.42;3.74;7.2
5.63;1026.13;249.1;3.2;7.07
4.69;1006.4;218.9;9.5;739.29
2.65;1034.56;299.67;3.2;8.69
5.54;1011.69;321.45;4.45;3.68
3.47;1030.06;266.77;6.39;8.35
4.41;1022.77;182.01;7.12;312.93
4.28;1024.03;208.68;5.96;170.19
2.63;1010.93;237.55;6.32;3.67
5.78;986.59;243.72;14.45;1977.2
5.3;1023.35;227.08;9.76;802.88
4.85;1009.69;241.15;9.94;885.96
2.76;1029.1;241.47;3.48;7.72
3.59;1029.48;240.83;6.03;161.31
1.13;1032.67;320.41;4.62;8.14
1.71;1029.64;276.27;4.23;7.4
4.08;1008.14;164.56;6.17;3.71
4.05;1025.89;151.27;8.33;424.65
5.19;1029.34;184.85;8.38;524.28
3.76;1029.77;196.08;2.99;6.83
1.09;1001.47;306.68;10.64;1160.04
5.96;1021.22;236.39;7.58;373.24
5.99;1013.52;211.8;11.27;1217.06
5.42;1029.69;193.38;8.73;602.59
5.66;1019.11;215.6;10.71;965.38
5.8;1034.38;282.17;5.36;62.28
3.61;1009.65;268.15;8.82;691.72
5.44;1020.44;213.39;9.97;873.21
5.07;1008.57;250.12;11.52;1275.05
0.78;1001.18;278.06;16.51;1998.74
6.08;1029.46;181.98;7.99;422.29
3.65;1029.1;226.59;5.61;112.16
3.16;1029.48;171.71;6.61;218.35
3.83;1024.38;217.32;12.78;1571.09
1.87;1032.83;291.32;5.45;105.26
4.02;1008.37;251.76;6.48;3.5
8.42;1024.43;117.24;7.13;258.11
-2.06;1031.8;244.96;2.34;8.26
1.3;982.65;291.91;10.98;1145.16
3.51;1028.47;245.07;8.41;548.94
4.6;1026.13;225.89;7.08;315.05
-3.43;1032.16;259.32;1.61;8.2
2.65;1010.73;234.57;6.14;3.67
4.2;1023.08;170.08;4.54;7.27
4.35;1025.55;209.71;12.24;1451.46
5.74;999.09;264.63;16.65;2016.79
5.74;1026.28;259.97;3.41;7.26
0.48;1000.65;320.98;10.46;1162.37
7.36;1028.4;323.29;5.78;162.53
1.31;1028.11;140.37;5.14;35.06
8.94;1024.74;117.24;6.41;152.65
2.67;1034.55;303.71;3.85;8.64
5.89;1020.1;212.93;7.45;361.27
3.05;1035.18;307.08;3.23;8.74
4.31;1026.31;213.13;9.11;659.53
-0.04;1028.55;170.99;4.3;8.11
6.34;1016.77;209.33;11.13;1157.99
5.17;1020.73;204.82;9.2;696.82
2.38;1028.72;206.11;2.51;7.95
4.79;1007.17;227.46;10.7;1000.77
4.55;1024.7;217.54;11.9;310.56
3.29;1027.04;280.03;4.75;2.77
4.95;1034.1;211.44;2.65;8.11
-4.0;1000.77;218.22;1.46;7.73
4.79;1028.62;179.41;3.52;7.13
2.7;980.76;274.4;14.41;1965.37
5.8;1028.04;142.68;4.96;20.02
4.27;1008.01;257.59;11.02;1175.93
4.85;1020.77;222.71;16.5;2017.96
5.47;1028.34;217.86;4.71;7.33
4.57;1022.05;220.52;15.73;2013.19
-1.31;1031.91;243.84;0.84;8.2
3.07;1029.28;172.98;7.71;385.46
2.14;980.75;278.45;15.88;2002.97
5.96;1020.12;291.64;14.01;1780.49
4.36;1023.7;250.22;7.44;350.76
3.43;1031.27;271.41;6.34;8.27
4.16;1028.52;278.45;6.27;190.69
1.8;1033.08;300.08;7.23;303.13
1.22;981.99;305.82;7.35;367.3
4.73;1023.64;230.15;9.22;719.75
5.71;986.08;244.44;16.52;2017.35
3.23;1028.64;132.04;5.16;77.54
7.4;1013.56;288.82;17.51;2016.56
3.44;1026.96;275.71;5.35;72.18
5.61;999.1;261.49;15.41;2012.65
5.81;1021.24;301.49;13.59;1819.63
4.38;1013.33;287.59;2.39;3.96
7.31;1028.31;174.86;10.43;953.78
4.65;1025.38;262.06;5.71;115.84
5.49;1034.2;260.97;3.47;7.66
5.23;999.22;255.25;15.11;2007.69
6.65;1029.64;187.61;7.87;409.8
5.85;1023.5;299.42;12.22;1513.63
7.45;1014.25;290.11;17.81;2018.69
4.37;1028.34;220.72;5.15;58.35
-0.16;1032.27;318.39;6.15;134.41
6.12;992.57;243.68;15.41;1992.72
5.15;1023.8;180.8;8.22;531.05
1.87;982.77;292.53;13.16;1717.29
4.72;1009.91;284.59;8.9;611.57
4.03;1035.44;330.52;4.74;7.79
4.56;1023.42;229.71;9.31;701.68
7.36;1028.52;180.26;10.28;903.61
2.56;1029.64;304.09;4.56;8.87
3.32;1009.26;163.94;4.99;3.72
4.07;1025.52;290.99;6.81;282.17
4.75;1006.72;221.88;9.5;739.63
4.97;1021.22;199.63;8.26;519.98
4.92;1020.72;225.0;16.37;2012.97
2.5;1010.87;263.25;5.8;3.63
3.27;1027.43;272.82;6.32;194.96
-0.37;1032.79;342.29;4.62;7.89
6.75;1016.98;288.94;12.89;1651.69
5.94;1028.19;181.7;5.61;7.31
4.36;1026.36;206.82;5.36;73.01
7.45;1028.36;176.73;9.78;780.95
8.59;1024.5;117.52;7.09;269.24
3.61;1026.39;273.39;8.1;490.5
2.76;997.86;278.6;11.84;1315.44
0.34;1032.56;161.61;1.48;7.91
5.29;1014.24;268.44;16.11;2011.88
6.3;1026.15;288.42;5.67;102.65
4.39;1012.75;233.56;18.07;2019.07
1.43;1029.7;279.44;3.78;7.63
7.69;1029.43;172.5;2.06;7.2
6.38;1012.98;217.83;12.93;1673.85
2.9;1029.02;266.94;4.57;10.84
5.13;1030.45;200.94;4.91;38.42
4.25;1010.46;264.83;8.92;643.85
7.2;1016.07;196.6;16.99;2015.01
4.58;1023.82;172.72;7.8;394.14
4.41;1009.12;237.7;11.65;1286.09
3.27;1028.93;264.43;5.76;137.19
2.73;1029.14;183.11;4.84;7.84
2.16;1027.52;157.43;7.07;267.92
4.18;1026.54;230.35;2.32;7.07
5.91;1021.4;234.36;7.38;335.67
5.86;1018.39;187.84;10.8;1014.08
4.9;1018.73;227.64;18.45;2020.93
4.03;1028.75;194.33;5.91;137.44
4.46;1030.44;123.47;4.39;7.03
6.11;1008.32;251.77;16.5;2014.12
4.5;1010.19;266.44;9.17;713.82
2.8;980.73;259.68;17.34;2017.56
4.95;1019.9;214.98;8.83;617.24
2.32;1032.65;265.26;6.25;8.43
4.72;1000.15;216.37;8.64;569.19
5.78;1021.15;286.68;13.36;1760.03
2.93;1028.62;238.75;4.08;6.93
2.19;1032.81;284.03;6.97;252.13
4.48;1025.4;301.89;7.0;278.1
6.18;1018.82;203.53;9.87;851.59
3.92;1026.35;123.36;1.52;7.7
-0.35;995.42;325.59;13.91;1840.82
-2.33;1030.45;353.47;6.47;224.07
5.43;1028.09;292.96;8.19;596.14
5.74;1023.47;295.96;11.65;1541.4
5.34;1023.33;229.76;10.78;1058.88
5.01;1014.91;210.91;5.37;87.08
4.57;1023.41;243.66;9.84;844.04
1.88;1030.7;324.65;8.09;423.91
1.83;1029.85;310.8;7.86;466.76
4.51;1028.13;290.07;5.76;185.94
3.42;1034.92;230.33;3.09;8.12
5.38;1015.43;242.44;12.16;1437.81
1.55;980.58;289.42;14.22;1832.5
5.74;1027.86;290.4;7.21;417.42
4.08;1002.96;199.68;15.96;2007.32
6.45;1026.45;296.56;7.32;400.98
5.57;1028.25;315.33;8.7;550.53
5.9;1026.3;271.5;3.49;7.16
3.97;1011.07;266.76;10.11;891.88
3.7;980.24;261.81;17.07;2018.31
6.07;1019.76;290.19;14.07;1902.46
4.14;1026.05;141.5;6.14;160.21
6.6;1016.94;205.88;11.05;1158.32
4.14;1000.48;196.77;17.65;2016.55
7.07;1028.64;336.79;5.29;105.45
4.09;1025.71;281.39;7.51;365.68
5.19;1004.83;237.87;7.84;5.76
1.87;1032.7;327.14;5.4;8.76
4.96;1020.87;203.09;9.55;782.39
4.43;1028.48;223.89;3.6;7.2
4.21;1029.52;320.31;5.2;80.53
3.28;1028.95;275.71;6.85;265.79
4.68;1030.34;124.01;4.7;9.08
4.61;1016.3;260.65;13.99;1931.46
6.51;992.11;250.41;15.2;2003.53
-0.41;1001.49;342.33;6.85;285.15
3.99;1003.98;197.5;15.46;2010.52
1.12;1032.36;141.85;2.13;7.86
4.16;1026.41;211.58;4.3;7.09
5.99;1029.99;203.9;5.54;101.12
4.2;1022.07;179.7;5.76;122.65
5.66;1016.9;261.24;12.62;1607.51
3.82;1025.9;288.32;7.05;313.46
4.8;1018.63;227.05;18.37;2016.48
6.28;1009.44;266.05;16.11;1315.13
4.43;1025.41;210.59;13.01;1733.17
4.61;1024.92;227.89;6.9;293.47
3.41;1009.66;262.41;5.85;3.63
3.82;1006.41;317.04;13.04;1639.68
5.37;1028.69;240.31;4.9;44.68
3.8;1029.72;198.18;4.13;6.83
3.11;1027.49;202.73;6.74;227.98
4.01;1032.3;336.58;3.04;8.05
3.19;1028.92;271.79;5.83;176.28
4.2;1027.41;244.72;7.15;325.48
-3.51;999.12;146.88;4.25;7.96
-2.34;1001.94;282.37;7.12;305.34
3.3;1023.56;154.22;8.79;551.31
1.74;999.52;268.13;16.42;2012.28
5.98;1027.92;313.7;6.05;350.71
3.63;1027.01;276.41;7.79;420.15
5.45;1028.4;185.22;8.17;508.58
5.18;1009.65;253.06;12.93;1747.84
2.49;1033.94;292.46;3.29;8.66
5.65;992.94;230.79;15.53;2005.6
0.95;1032.49;250.14;1.31;8.1
5.43;1015.8;273.08;13.36;1811.07
0.6;982.44;296.79;7.86;454.05
2.36;988.44;319.21;16.43;873.27
-3.72;999.55;143.55;2.32;7.82
4.68;1028.03;285.75;5.95;149.87
2.38;1032.53;266.86;5.43;8.32
3.91;1028.1;290.76;7.69;457.84
3.99;1026.62;141.57;4.68;7.79
5.39;1028.49;144.66;8.76;536.3
5.23;998.43;257.25;20.2;150.04
5.51;1026.38;252.35;2.34;7.25
-1.87;1030.39;359.11;7.16;298.67
6.23;1010.2;192.05;13.07;1653.94
5.08;1026.79;291.32;7.97;522.15
3.67;1029.2;295.0;5.65;93.98
0.73;1031.54;336.63;7.37;311.34
7.32;1015.22;289.89;14.3;1909.25
4.24;1023.26;225.54;6.14;3.75
6.41;1021.52;308.61;15.26;1960.26
5.97;1016.49;201.29;10.01;884.35
6.35;1018.48;291.06;15.05;1981.9
4.64;1021.36;199.06;8.87;629.54
4.55;1011.84;235.81;17.49;2016.31
6.35;1029.78;103.01;4.75;7.1
6.24;1029.78;110.52;4.85;7.13
5.16;1020.74;202.62;9.63;801.56
3.3;981.82;273.47;14.2;1721.38
5.28;1007.9;242.65;11.41;1256.12
5.92;1023.93;308.4;12.92;1670.06
3.95;1015.22;232.15;17.62;2023.61
5.31;1029.17;182.72;8.48;555.83
3.0;1029.87;255.33;5.0;55.82
6.43;988.96;253.97;13.7;1873.84
3.35;1030.43;256.69;5.42;8.51
4.56;1006.0;212.28;9.23;739.73
-1.9;996.57;335.85;16.72;2000.85
2.65;1010.83;250.66;5.53;3.69
4.95;1008.76;260.62;6.92;3.57
4.96;1016.06;256.03;14.77;1996.29
0.41;1032.18;315.56;4.98;42.21
5.74;998.48;267.73;17.05;2017.23
-0.71;1032.67;336.89;4.99;21.82
3.99;1024.83;217.51;12.71;1637.4
3.26;1012.82;280.94;10.46;1076.76
3.99;1028.08;291.9;8.22;519.09
1.92;1023.68;126.86;8.23;412.83
4.64;1025.46;221.48;6.55;248.19
3.84;1009.57;256.59;6.35;3.66
3.98;1022.46;207.86;5.76;3.8
5.3;1008.8;250.83;11.06;1116.09
5.27;1024.97;306.86;9.29;779.66
3.24;1025.01;129.32;6.66;206.54
7.28;1016.53;197.07;17.1;2015.44
3.23;1027.62;274.4;6.25;181.39
5.61;1009.1;250.34;12.78;1633.8
5.77;1023.33;295.33;12.17;1527.34
5.88;1021.03;300.41;14.73;1953.74
3.93;1008.41;263.0;6.57;3.39
5.7;1026.01;242.91;3.85;7.01
2.63;1027.68;160.54;8.56;511.64
4.1;1029.1;236.5;6.81;260.03
1.42;1027.76;144.18;6.09;123.36
7.8;1015.22;298.69;18.98;1098.22
4.39;1016.58;266.43;12.88;1708.74
4.84;1009.59;310.93;6.9;3.56
4.6;996.27;204.55;19.92;2025.08
3.74;1026.23;256.98;6.32;8.39
4.34;1013.5;280.68;2.57;4.06
2.2;1009.76;197.82;5.48;3.69
5.62;1011.28;213.69;14.94;2007.99
3.37;1030.9;274.46;8.37;8.21
3.16;1030.14;307.22;8.35;611.18
1.99;992.73;313.19;15.31;1883.34
4.43;1023.7;164.31;6.74;205.81
2.87;1029.8;323.35;5.16;62.25
2.62;1034.97;229.26;1.91;8.14
5.48;1016.0;251.5;12.72;1627.74
3.7;1032.08;330.04;3.98;8.19
5.56;1034.21;267.62;3.82;7.82
5.4;1030.13;200.77;4.62;6.97
6.2;1018.32;197.08;11.31;1165.08
4.75;1015.09;274.11;16.12;2015.9
2.7;1027.68;156.28;8.72;540.18
6.22;1018.62;292.76;14.66;1988.35
1.98;1029.8;306.42;6.62;273.47
3.48;1009.79;249.56;8.77;645.69
2.67;1029.4;296.39;7.02;313.4
4.35;1014.16;283.27;2.44;4.18
5.32;1009.37;250.87;13.14;1724.33
5.71;1024.75;307.16;11.16;1218.37
5.65;1030.08;204.28;4.23;7.04
3.06;1008.01;270.17;6.98;3.47
5.54;984.21;253.18;15.06;1935.4
3.47;1004.37;298.59;14.15;1953.62
7.34;1027.98;311.84;5.49;104.23
2.63;1029.0;191.28;4.17;7.91
6.04;1008.45;249.11;18.14;2019.85
4.39;1029.11;322.08;5.05;54.97
5.5;1029.44;175.72;8.62;527.45
-0.29;1000.72;343.16;7.92;508.97
1.39;1028.7;186.74;3.05;7.99
5.19;1028.3;209.73;4.6;21.7
7.19;1028.22;169.81;9.65;733.82
4.57;1028.99;289.97;4.2;8.47
3.97;1005.08;199.57;14.59;1984.23
3.77;1027.94;289.62;6.34;310.09
4.14;1023.74;166.41;7.38;317.01
5.36;1028.48;225.1;5.24;82.01
3.49;1029.42;163.11;8.07;453.74
6.5;1027.93;187.43;6.35;192.2
5.73;1013.59;208.29;15.17;2009.7
5.29;998.04;241.55;8.39;528.18
4.47;1027.73;222.34;7.58;380.4
4.39;1012.5;233.24;18.03;236.18
2.72;1033.8;296.6;4.38;8.71
4.68;1026.58;178.93;12.44;1511.81
2.32;1011.01;303.97;7.06;421.15
5.85;998.23;257.42;15.02;2003.6
-0.5;1001.92;340.1;6.33;262.84
2.46;1029.08;270.05;3.1;7.61
5.28;1028.24;294.69;6.91;328.78
4.67;1028.06;199.67;3.07;8.06
4.69;1026.65;181.22;12.12;1430.79
2.81;1012.77;302.0;12.26;440.29
3.48;1029.66;253.48;6.33;149.72
8.15;1029.34;143.86;2.95;7.75
1.77;1029.7;284.74;4.47;7.55
5.59;1028.53;189.64;8.48;567.67
7.16;1019.89;307.13;17.26;2019.83
3.55;1026.89;214.14;9.45;743.59
4.38;1016.35;266.76;13.55;1857.51
4.62;1011.72;235.97;17.82;2019.84
3.95;1026.46;138.77;4.65;7.55
4.72;1015.4;277.42;16.74;2019.86
2.68;1027.54;162.47;8.89;548.95
4.13;1027.28;282.17;5.58;8.46
-0.37;1028.43;161.05;3.59;7.85
5.53;1029.72;180.83;10.03;879.46
-4.34;1032.15;309.9;0.83;8.27
5.88;1020.16;206.58;7.32;332.73
1.68;1027.76;141.99;5.82;132.09
4.46;1026.61;225.06;6.35;221.2
3.49;1028.89;196.41;6.35;175.68
5.25;1029.56;190.67;9.96;855.08
3.95;1029.63;207.15;4.79;6.86
0.06;999.82;354.92;7.25;256.59
-3.91;1000.66;220.24;1.43;7.65
6.28;1021.74;306.74;14.06;1952.85
5.3;1028.31;287.82;7.53;337.29
4.26;1017.92;227.88;17.76;2017.82
3.54;1026.44;275.12;8.3;508.65
2.7;998.11;275.16;13.11;1749.78
5.03;1014.28;278.75;16.35;2018.76
2.29;1032.8;284.36;7.58;352.8
7.82;1026.99;173.01;5.93;112.63
0.02;1032.26;318.41;5.34;64.0
3.69;1006.39;206.61;12.93;1643.29
3.84;1025.25;216.93;6.83;264.37
-0.23;1000.39;345.02;7.74;448.65
2.71;1010.88;231.91;6.66;3.63
5.26;1011.7;316.46;4.06;3.73
4.86;1025.65;229.52;6.28;218.51
3.49;1030.98;286.92;5.1;8.22
4.89;1012.51;330.28;3.15;3.81
4.83;1012.84;321.95;1.63;3.89
3.17;980.62;281.53;18.4;179.7
6.78;1028.54;157.02;2.94;6.97
5.47;1019.49;197.91;9.24;696.8
4.58;1009.2;256.43;6.53;3.68
1.83;980.94;287.9;16.48;1951.37
6.76;1020.78;305.26;18.31;2022.21
3.27;1030.57;262.82;5.01;8.39
4.54;1026.14;222.46;7.72;409.03
6.89;1029.52;180.02;9.4;730.14
4.61;1008.72;236.85;11.53;1270.51
4.34;1028.97;239.45;5.62;132.42
4.54;1027.76;234.77;7.22;355.07
6.44;1025.86;291.66;5.38;108.56
3.65;1029.05;248.88;5.7;124.73
2.76;1029.49;177.85;6.17;185.82
1.71;1029.81;286.3;4.03;7.39
6.4;1010.38;273.53;16.08;2015.19
4.42;1012.54;233.2;17.88;245.52
3.52;981.28;262.53;13.89;1861.52
4.16;1026.51;153.18;4.86;31.24
3.2;1009.47;166.28;4.96;3.7
4.7;1021.34;201.31;9.05;674.0
2.45;1033.21;282.81;3.67;8.57
4.11;1029.15;305.43;4.64;6.68
-3.91;1000.86;256.7;1.59;7.27
4.0;1032.31;347.6;3.49;7.96
7.31;1028.11;173.93;10.94;1064.46
5.41;1015.96;271.45;13.03;1699.66
1.51;984.67;304.34;13.47;1846.71
4.24;1026.37;248.41;1.84;7.25
5.88;998.48;261.25;15.02;2007.32
5.61;985.72;251.82;16.96;2015.55
-0.11;1032.57;152.44;2.04;8.09
1.74;995.84;326.77;6.07;7.36
2.73;1029.84;256.04;5.26;7.12
5.46;1029.52;178.72;10.36;908.5
4.31;1026.17;215.66;8.36;539.01
6.48;992.22;250.91;15.36;2008.13
3.45;1027.36;275.37;6.72;267.63
6.39;1018.35;163.81;10.8;988.56
4.1;1029.29;281.82;6.12;8.43
6.5;1010.87;276.74;16.67;2016.18
7.25;1019.44;304.07;17.53;2022.28
2.75;998.05;278.54;13.41;1725.92
4.84;1010.51;237.16;18.55;2020.24
2.29;1029.9;326.07;5.08;50.18
4.38;1019.89;202.25;8.23;518.98
7.75;1022.97;111.81;9.78;716.16
5.19;1030.38;192.87;6.52;6.92
3.01;980.76;280.65;12.48;1590.51
4.91;1019.98;212.52;9.63;779.56
6.84;1034.65;196.68;2.29;8.22
2.34;981.49;268.3;12.61;1667.04
0.99;1031.41;340.77;7.42;330.46
4.37;1014.22;283.28;2.82;4.23
7.62;1034.41;241.51;3.26;8.25
4.18;1027.87;292.33;5.32;90.31
1.52;1011.63;295.73;8.84;650.86
5.37;1009.19;252.3;12.41;1528.99
5.87;998.53;256.1;15.17;2006.2
3.22;1027.48;272.76;6.11;179.09
3.35;1006.96;318.95;11.79;1488.27
2.54;1031.84;169.82;7.97;436.58
5.42;1023.38;301.45;13.4;1557.54
3.87;1025.87;269.85;8.54;539.07
3.88;1027.08;274.88;5.28;8.52
4.34;1007.49;168.73;6.52;3.72
5.28;998.32;244.28;8.81;605.53
2.19;1011.28;268.09;6.04;3.7
3.85;1029.41;281.54;6.24;8.31
6.15;1029.72;191.73;7.08;284.96
2.4;1009.76;166.63;4.13;3.72
4.6;1021.71;221.52;15.63;2011.11
4.02;1022.86;214.49;14.02;1953.46
5.67;1034.46;271.72;3.96;8.3
0.76;1032.07;307.91;5.72;133.39
3.68;1035.62;334.77;5.39;8.53
5.34;1015.38;243.67;12.76;183.85
0.82;1031.98;306.84;5.67;125.66
4.29;1022.11;217.66;15.13;2007.32
4.28;1026.01;287.67;6.62;290.61
4.0;1022.74;218.93;4.75;3.74
4.74;1025.45;218.65;6.66;273.04
4.87;1028.26;148.86;10.24;849.28
2.68;1033.77;303.7;4.77;8.66
6.37;1009.15;264.93;16.21;2012.68
4.55;1034.03;210.65;4.93;7.96
3.83;1023.09;229.85;4.88;3.69
3.73;1005.46;308.89;12.94;1808.19
4.4;1027.76;212.16;6.88;294.01
6.2;1029.86;101.05;5.6;52.14
1.73;1029.73;297.78;4.89;6.55
2.38;1028.77;192.42;2.23;8.01
5.56;999.09;259.45;15.9;2012.44
0.93;1031.42;338.82;7.19;298.44
1.73;1033.01;296.88;6.55;263.99
7.72;1034.65;231.76;3.73;8.27
4.27;1013.51;231.28;17.61;2018.76
4.97;983.5;265.38;20.65;2030.47
4.45;1028.82;322.13;5.46;106.12
4.32;1026.36;209.11;8.57;569.47
4.91;1006.27;244.42;7.82;5.96
5.18;1030.39;196.52;6.22;184.2
6.71;1029.5;116.77;5.43;76.88
8.23;1026.46;170.71;5.64;72.14
5.25;1029.44;184.43;8.1;509.87
5.43;1027.41;292.13;6.82;268.18
3.78;1005.32;309.23;14.62;1906.18
5.64;1012.32;209.76;15.42;2013.08
3.69;1028.9;249.5;7.59;394.69
4.5;1005.78;208.57;9.2;688.5
2.87;1033.6;188.28;6.8;203.16
4.87;1023.67;234.37;9.39;752.02
1.88;1031.37;309.64;4.39;51.4
4.52;1024.96;264.79;6.63;234.41
0.64;1000.75;321.01;9.7;630.92
4.01;1014.48;231.13;17.58;2017.51
3.85;1026.84;270.16;8.0;8.51
4.91;1025.31;305.15;6.83;375.13
6.54;991.01;251.54;15.3;1999.7
1.23;1027.95;141.31;5.52;65.02
4.62;1023.52;241.32;9.71;797.15
3.25;1029.07;281.08;5.44;90.76
1.12;1031.69;305.19;5.23;86.69
3.26;1030.46;257.84;5.22;8.49
3.8;1028.49;284.6;8.51;510.71
-2.05;1030.39;356.8;7.09;295.58
3.62;1027.0;275.41;7.53;408.97
1.93;990.38;328.94;13.11;1525.58
5.16;1023.94;188.59;7.52;386.77
4.32;1009.92;280.68;8.73;611.09
4.61;1023.92;231.29;9.54;796.75
0.75;1031.66;339.9;7.37;313.53
4.62;1024.0;231.78;9.66;791.65
2.71;1031.74;155.77;4.11;7.71
7.45;1014.55;291.73;17.2;2018.52
3.49;1030.67;278.26;4.8;8.3
4.47;1019.82;205.9;9.42;747.35
6.37;1018.23;289.5;14.81;2004.19
2.71;1010.34;261.53;5.09;3.67
3.98;1026.42;130.31;2.18;7.92
1.96;1009.93;194.48;5.73;3.78
5.54;998.48;242.09;11.29;1185.41
5.25;1020.01;226.56;17.15;2016.72
0.91;1031.37;335.07;7.19;335.81
1.95;1030.07;311.83;8.53;590.31
6.54;1016.88;207.99;11.48;1229.99
2.96;1029.17;255.27;3.91;7.8
-3.19;1031.19;358.67;6.55;260.43
7.41;1013.32;289.04;16.86;2017.74
1.97;1030.59;318.99;7.09;288.74
1.36;1032.63;314.58;5.25;8.39
2.17;1033.01;289.3;7.25;377.47
7.4;1029.56;175.87;2.01;7.33
4.28;1028.56;206.14;3.83;7.21
4.5;1023.26;230.49;9.57;765.97
3.3;1027.67;276.03;6.6;246.53
5.47;1020.59;209.82;9.72;813.25
4.03;1026.46;130.27;4.83;7.21
3.62;1010.75;294.34;10.15;948.11
3.01;1029.35;297.72;6.53;246.17
-1.92;1030.39;359.78;7.24;319.72
2.53;1011.22;282.82;7.14;322.83
2.31;980.38;280.83;14.34;1797.39
5.79;986.48;246.79;14.64;1961.1
4.49;996.8;202.13;19.09;2021.29
4.35;1016.2;267.64;13.12;1774.09
2.5;1010.31;202.63;5.56;3.75
4.55;1016.37;261.9;13.61;1894.95
5.85;1020.29;207.35;7.29;326.09
3.23;1029.14;244.79;4.26;7.35
4.27;1027.91;293.6;6.44;225.75
3.36;1011.8;303.49;17.17;2013.49
-4.55;1032.37;347.55;2.24;7.76
5.49;1016.35;254.79;12.93;1681.59
3.37;1027.05;276.11;4.98;35.81
-0.8;1032.6;322.03;5.08;7.66
6.13;1018.92;290.57;14.98;2000.32
5.35;997.88;244.85;9.25;694.53
3.71;1026.06;260.45;8.57;563.81
5.02;1027.8;293.92;6.91;286.64
6.45;1027.69;218.91;5.4;87.06
7.48;1013.19;290.67;16.94;2019.09
6.13;1019.8;292.12;6.26;3.87
3.38;1029.87;248.46;5.18;62.73
5.67;1030.05;102.7;5.72;104.78
4.43;1028.26;235.87;5.17;67.72
2.56;1032.64;287.37;7.65;464.1
4.17;1026.03;128.21;6.11;134.7
4.98;1015.7;248.55;13.52;1837.67
8.82;1026.07;170.07;5.69;7.18
4.45;1026.6;304.98;8.41;514.88
3.61;1028.81;266.0;5.9;118.32
1.79;1033.08;301.48;6.46;226.65
2.54;1032.55;265.78;5.75;8.31
3.48;1009.88;255.21;10.0;924.57
3.26;980.55;272.31;17.96;2018.6
3.71;1032.73;358.76;5.84;143.25
5.65;999.11;247.7;13.89;1870.25
1.71;1028.34;140.11;4.79;23.99
4.58;1026.25;228.07;6.79;264.56
4.59;1001.6;201.71;9.49;734.55
2.72;1031.75;276.26;11.26;1187.41
4.12;1002.58;314.59;10.77;1189.87
4.83;1029.59;166.47;9.61;765.56
2.35;987.33;316.13;14.47;729.44
6.43;1016.76;208.54;11.32;1214.03
4.82;1029.91;192.72;6.6;6.27
6.17;1009.11;191.43;12.17;1400.23
5.77;1026.25;261.06;3.35;7.22
3.3;980.47;288.13;14.65;1961.89
1.17;1031.19;338.85;7.67;379.81
5.09;1023.66;172.37;7.6;291.52
3.84;1031.31;118.6;2.9;7.29
5.22;993.38;214.27;18.63;2019.69
0.3;1028.53;174.63;4.12;8.09
3.87;1026.66;273.74;6.71;8.4
6.66;1028.92;163.44;2.64;6.94
0.2;1032.81;155.8;1.0;8.07
5.25;1007.86;243.16;12.0;1410.92
2.27;1031.21;261.56;10.11;929.2
4.53;1029.18;290.8;5.0;8.39
3.52;1027.36;272.39;6.77;268.8
4.61;1026.06;221.16;7.68;401.86
5.17;1028.51;151.03;9.04;600.82
4.14;1026.34;247.73;0.94;7.35
4.41;1028.38;217.95;5.74;118.53
3.43;1029.74;256.28;7.15;315.85
5.47;984.37;236.58;14.4;1943.66
2.8;1008.48;307.92;6.16;7.16
6.61;1022.98;270.45;7.33;341.52
4.37;997.24;199.95;19.08;2022.55
-0.05;1032.86;331.22;6.07;149.26
3.69;1028.82;252.58;7.96;462.72
6.31;1017.55;209.57;10.04;895.64
1.44;1028.19;141.66;5.37;66.12
7.34;1028.21;231.21;5.72;137.2
5.49;1015.63;201.72;9.95;865.81
5.1;1009.53;250.19;12.38;1530.85
1.47;985.4;301.97;13.24;1673.55
5.46;1010.37;268.6;8.63;596.87
4.46;1022.01;219.6;15.95;2015.39
3.62;1028.99;280.91;6.69;233.5
4.53;1028.49;319.34;5.4;95.09
4.42;1024.72;212.96;13.39;1841.31
3.78;1026.46;264.71;6.37;8.44
2.35;1011.05;256.06;3.75;3.69
5.65;1028.52;316.45;8.05;413.43
-3.77;1000.07;129.22;0.43;7.76
2.54;1010.37;213.21;5.66;3.77
5.35;1028.1;228.24;4.48;7.32
2.35;1027.22;158.44;5.56;98.25
0.71;982.58;300.04;10.37;966.26
3.75;1026.97;268.77;6.29;8.52
4.71;1010.84;279.09;12.88;1672.82
4.08;1027.67;281.8;6.77;8.48
5.4;1028.45;230.76;4.95;7.16
4.43;1030.68;110.33;2.89;6.98
3.32;1029.81;263.74;6.92;302.97
5.28;1023.4;229.82;9.79;792.33
1.86;1023.68;129.95;7.91;388.01
3.78;1035.63;340.11;5.13;8.56
1.49;1032.26;147.79;1.8;7.78
4.2;1029.05;240.54;6.54;242.67
5.84;987.47;255.41;13.62;1825.09
2.53;1028.73;203.33;2.42;7.87
3.55;1028.92;260.61;5.75;123.11
5.47;985.25;250.21;14.21;1937.4
4.43;1024.79;219.04;13.06;1712.87
4.62;1027.71;244.72;7.03;308.5
4.41;1027.54;284.54;6.32;8.41
2.8;1029.03;251.09;1.84;7.74
3.8;1028.93;246.56;6.78;257.13
4.96;1010.33;267.05;9.4;795.35
3.42;1027.48;208.78;7.28;323.66
4.95;1030.19;174.1;8.84;583.24
2.59;982.88;286.84;14.97;1948.71
3.22;1003.96;301.57;13.6;1898.68
3.11;1030.14;301.61;9.21;674.49
3.08;1029.31;298.52;6.09;196.48
4.61;1025.38;263.55;5.89;143.99
4.96;1029.62;170.12;9.44;665.81
5.07;998.39;237.03;8.45;541.02
7.7;1034.37;225.53;2.23;8.15
4.19;1008.36;245.43;6.65;3.54
2.57;1010.64;219.31;5.22;3.73
2.16;1032.04;183.86;1.91;7.86
6.79;1011.88;284.45;13.97;1860.54
1.84;1029.91;321.98;4.68;20.02
5.53;1020.38;214.78;9.92;847.25
5.48;1012.52;209.04;14.57;1982.77
4.04;1023.7;219.08;14.35;1992.15
5.4;1028.61;149.74;9.34;617.86
3.19;1029.35;163.83;8.14;465.24
4.67;1009.76;235.16;8.63;562.72
3.39;981.32;261.54;13.43;1823.72
2.92;1009.99;268.28;5.41;3.62
4.63;1023.44;235.09;9.66;792.29
8.77;1029.47;152.16;2.57;7.86
7.47;1028.01;312.21;6.72;307.74
3.3;980.65;299.03;12.91;1464.32
2.04;1023.77;126.01;7.85;404.62
6.24;1008.28;254.61;17.41;2015.46
0.46;1032.13;311.64;5.25;78.43
1.46;1032.34;337.77;6.07;181.1
2.6;1029.85;321.33;4.95;45.79
3.26;1032.67;355.67;6.96;217.17
10.0;1025.27;130.53;5.58;7.29
0.7;997.72;340.1;6.12;154.57
3.37;980.05;275.42;12.87;1523.61
0.58;999.27;243.82;12.45;374.86
1.69;1029.53;281.19;4.36;8.19
4.83;1027.79;183.84;12.1;1428.36
7.01;1029.48;181.23;8.68;619.97
4.33;1009.93;279.14;9.07;594.83
4.4;1029.03;322.91;5.43;76.39
6.32;1024.09;190.96;14.22;1986.01
6.27;1012.79;217.08;12.25;1495.19
4.82;1029.05;194.39;11.3;1209.59
4.12;1025.99;141.42;6.1;127.33
4.75;1006.61;220.85;10.41;976.09
5.13;998.76;262.26;20.29;527.05
6.06;1018.34;193.11;11.14;1143.36
-3.93;1000.84;352.12;3.08;7.34
7.29;1028.03;176.9;11.18;1131.19
4.04;1026.27;288.97;0.38;7.65
4.4;1027.72;222.54;4.86;31.9
4.99;1030.04;181.96;7.99;433.6
2.75;1032.49;353.16;6.29;278.98
3.38;1029.5;258.74;4.68;37.53
6.6;989.34;251.0;14.63;1952.74
3.75;1026.01;261.06;8.74;612.37
4.13;1028.95;229.33;7.56;374.38
3.86;982.16;267.73;13.99;1905.52
5.76;1027.96;221.54;5.52;87.34
6.0;1016.61;199.28;9.55;757.24
4.01;1026.47;119.07;2.59;7.99
6.19;1017.71;207.82;10.32;945.61
3.6;1028.69;129.02;5.2;51.83
3.98;1022.03;200.53;5.9;3.88
4.19;1013.35;229.64;17.57;2020.75
6.48;1009.93;196.31;13.34;1772.06
7.97;1026.81;167.67;6.34;147.05
-1.26;1031.85;226.16;0.94;8.19
5.4;1009.07;249.37;13.39;1796.44
-0.1;1003.83;325.04;4.99;22.38
4.52;1003.78;182.7;8.72;585.93
4.4;1027.9;209.8;5.18;7.17
2.57;1034.37;100.67;0.33;8.16
6.99;1028.26;168.11;9.24;670.0
4.29;1001.79;322.01;17.45;1681.9
2.59;1010.87;227.88;5.06;3.73
4.57;1029.03;292.78;4.69;8.49
6.28;1017.5;209.01;9.88;832.23
4.89;1024.52;216.01;7.75;406.61
2.42;1029.11;189.71;6.07;122.48
5.74;983.09;253.38;15.51;2013.57
4.45;1011.87;283.52;13.67;1727.91
2.96;982.83;278.63;14.29;1823.88
-0.33;1028.59;175.24;4.11;8.03
3.43;1007.25;308.55;10.13;989.67
5.69;1022.06;294.1;10.67;1029.53
4.28;1028.79;190.05;4.61;13.43
5.79;1009.14;188.2;10.03;851.59
4.49;1028.54;319.8;5.32;129.98
4.51;1025.17;212.32;6.93;281.29
6.86;1018.81;157.23;11.29;1104.57
4.26;1034.96;204.58;2.43;8.14
-0.05;1032.85;173.32;1.65;8.06
3.98;1026.21;108.45;1.08;7.66
4.62;1023.39;238.35;10.22;938.18
6.63;1029.63;190.03;8.49;499.28
4.44;1027.74;213.74;7.08;303.31
2.72;997.65;280.57;11.96;1263.63
2.47;1029.36;281.43;4.88;7.34
5.33;1028.33;149.29;10.07;797.05
3.54;1009.03;156.37;4.74;3.73
3.4;1027.73;278.92;7.94;470.98
0.2;994.85;324.41;17.47;2017.64
1.96;1010.29;198.73;5.94;3.72
2.27;1032.53;327.87;4.49;8.69
7.29;1027.92;174.14;11.43;1209.75
3.31;981.2;262.63;12.78;1706.05
3.91;1032.34;346.27;4.39;7.91
4.19;1029.21;198.26;5.51;82.17
0.19;1032.6;113.19;0.42;8.11
1.3;1031.69;302.06;5.19;89.84
5.14;1025.34;187.27;12.88;1575.66
4.23;1027.91;286.89;6.03;165.24
2.04;1011.0;253.22;4.83;3.71
4.94;1028.64;173.26;4.07;7.13
4.67;1002.19;189.22;9.67;723.92
5.78;1030.12;208.49;5.12;7.03
5.75;1023.0;296.48;11.46;1361.34
2.58;1029.97;270.49;5.39;72.46
2.94;981.79;272.89;11.25;1210.51
2.51;1027.48;164.92;8.3;492.24
2.34;1029.77;308.07;4.89;6.77
3.3;1030.65;265.1;4.92;8.31
3.56;1025.88;287.86;6.8;264.0
4.53;1019.74;204.69;9.25;715.57
1.55;983.22;298.51;13.89;1720.4
4.78;1007.65;226.57;9.81;822.24
6.08;1024.59;190.16;12.86;1599.27
2.63;1028.93;181.87;5.03;7.81
4.01;1025.66;280.84;7.64;412.82
3.25;980.55;296.22;11.95;1589.57
5.49;1014.54;246.14;13.4;1060.01
4.67;1023.35;237.43;10.47;1009.77
3.16;1029.37;270.77;7.13;320.13
3.45;1027.19;276.77;7.03;314.73
4.24;1029.18;201.37;4.47;7.23
4.59;1033.97;211.7;4.97;8.0
5.7;1013.72;208.59;10.23;923.79
-0.35;1028.62;173.31;4.33;8.05
3.88;1029.14;308.15;4.12;6.68
1.91;1029.96;316.92;4.95;7.41
2.44;1010.81;217.88;6.01;3.73
3.23;1029.37;273.91;8.21;495.32
6.11;1019.91;204.52;8.27;515.1
3.47;1025.08;127.65;7.04;268.51
3.38;1030.45;260.66;5.6;8.38
4.4;1028.52;250.31;5.37;82.25
4.88;1027.82;200.15;7.34;392.66
2.37;1010.12;202.58;4.81;3.72
3.62;1029.61;273.34;6.18;8.32
2.48;1032.43;335.75;4.07;8.53
4.18;1028.34;241.41;6.24;188.88
5.0;1024.38;217.58;8.56;525.69
5.41;1016.27;273.07;13.32;1795.18
3.62;1030.2;208.89;5.23;6.94
9.84;1025.23;129.28;6.62;171.1
4.07;1030.51;184.71;10.65;1053.06
4.02;1026.43;147.48;4.42;7.58
2.83;1010.97;251.11;7.35;3.69
1.54;1001.36;317.87;12.62;1548.16
2.83;981.96;281.48;11.54;1233.33
1.96;1032.82;321.82;4.93;43.28
2.1;989.09;319.56;15.83;1502.87
3.95;1026.45;130.6;4.76;7.16
2.24;1032.45;259.38;4.6;8.5
5.16;1011.82;331.9;2.55;3.72
3.59;1005.83;305.94;13.44;1930.63
5.4;1028.85;188.72;9.26;720.01
2.9;1032.57;172.5;7.16;308.71
4.47;1016.47;259.76;14.45;1997.98
4.99;1008.55;261.35;6.56;3.62
5.04;999.3;258.54;17.63;2020.04
5.54;1025.93;254.6;4.5;6.81
-0.56;1002.62;331.27;4.5;22.85
5.07;998.44;234.5;8.09;470.16
3.65;1009.61;258.92;6.14;3.64
4.05;1015.54;230.5;18.03;2019.14
4.67;1027.15;179.04;12.47;1514.15
1.95;1023.74;125.5;7.48;340.74
6.35;1009.43;266.35;16.84;2018.86
4.36;1028.57;215.25;3.73;7.19
7.25;1027.86;312.28;7.91;351.4
4.47;1025.18;208.59;13.76;1878.84
4.87;1025.36;232.16;6.24;199.9
4.35;1019.95;200.53;7.35;346.68
3.56;1012.34;261.43;8.98;707.99
4.62;1008.82;240.29;10.84;1119.24
4.88;1023.61;173.69;8.68;587.3
4.61;1019.77;204.7;9.36;714.77
5.76;1011.83;199.72;11.67;1308.34
4.55;1023.7;237.47;9.36;733.42
5.47;1008.83;253.31;12.39;1534.46
2.22;1033.86;116.72;2.42;8.21
5.07;1030.27;192.14;7.27;42.09
3.49;1011.13;287.26;11.06;1082.68
4.09;1013.97;231.41;18.05;2019.47
-0.76;1032.64;332.55;4.66;8.81
6.84;1015.53;209.81;17.85;2020.82
0.83;1005.04;356.92;6.86;286.27
3.36;1012.88;280.72;10.81;1042.13
2.48;982.96;291.57;16.06;2014.74
2.5;1033.31;179.93;6.66;276.39
4.49;1028.67;295.04;3.82;8.47
4.42;1025.35;207.86;12.62;1588.43
4.28;1026.46;205.41;9.23;713.84
6.48;1011.06;276.05;16.16;2013.14
0.15;1003.93;336.08;5.63;62.24
2.96;1010.77;231.69;5.44;3.67
4.1;1025.26;216.36;7.22;339.76
-2.6;1031.82;241.46;2.32;8.32
2.69;1032.51;256.21;6.32;8.21
3.77;1032.64;354.37;6.7;182.85
6.53;1021.9;247.78;6.12;163.81
3.09;1029.07;272.84;5.53;109.86
1.32;1011.29;305.47;10.52;537.54
4.7;1025.94;178.92;12.41;1526.03
4.89;1030.02;180.06;8.39;498.43
1.68;1033.05;305.03;5.58;135.92
3.36;1027.47;203.07;7.51;335.93
2.56;980.99;298.87;14.81;1923.57
3.87;1029.18;225.04;7.14;312.23
4.45;1024.76;221.98;6.38;203.48
6.29;1012.36;210.1;12.67;1638.68
4.85;1030.12;175.18;8.11;429.81
4.59;1002.48;185.52;9.25;647.0
4.85;1030.17;177.71;8.88;608.29
3.85;1028.79;133.2;4.22;7.27
9.28;1024.95;121.0;6.11;130.67
3.44;1012.29;258.57;12.01;1483.51
